pago_id,reserva_id,fecha_pago,monto_clp,tipo_pago,metodo_pago
PAY-0002,BOOK-0002,2026-06-01,15000,abono,credito
PAY-0002-SALDO,BOOK-0002,2026-06-04,30000,saldo final,credito
PAY-0003,BOOK-0003,2026-06-12,40000,abono,credito
PAY-0003-SALDO,BOOK-0003,2026-06-16,95000,saldo final,credito
PAY-0008,BOOK-0008,2026-05-21,30000,abono,credito
PAY-0008-SALDO,BOOK-0008,2026-05-26,90000,saldo final,credito
PAY-0010,BOOK-0010,2026-05-20,25000,abono,efectivo
PAY-0010-SALDO,BOOK-0010,2026-05-23,40000,saldo final,efectivo
PAY-0011,BOOK-0011,2026-05-20,20000,abono,transferencia
PAY-0011-SALDO,BOOK-0011,2026-05-23,45000,saldo final,transferencia
PAY-0013,BOOK-0013,2026-05-24,30000,abono,efectivo
PAY-0013-SALDO,BOOK-0013,2026-05-27,75000,saldo final,efectivo
PAY-0018,BOOK-0018,2026-05-17,95000,abono,credito
PAY-0018-SALDO,BOOK-0018,2026-05-20,360000,saldo final,credito
PAY-0023,BOOK-0023,2026-05-20,25000,abono,credito
PAY-0023-SALDO,BOOK-0023,2026-05-23,45000,saldo final,credito
PAY-0028,BOOK-0028,2026-06-06,50000,abono,debito
PAY-0028-SALDO,BOOK-0028,2026-06-09,120000,saldo final,debito
PAY-0029,BOOK-0029,2026-06-03,30000,abono,efectivo
PAY-0029-SALDO,BOOK-0029,2026-06-06,65000,saldo final,efectivo
PAY-0031,BOOK-0031,2026-05-22,25000,abono,credito
PAY-0031-SALDO,BOOK-0031,2026-05-26,45000,saldo final,credito
PAY-0032,BOOK-0032,2026-06-04,15000,abono,efectivo
PAY-0042,BOOK-0042,2026-06-19,40000,abono,credito
PAY-0042-SALDO,BOOK-0042,2026-06-23,95000,saldo final,credito
PAY-0052,BOOK-0052,2026-06-03,15000,abono,credito
PAY-0052-SALDO,BOOK-0052,2026-06-06,30000,saldo final,credito
PAY-0060,BOOK-0060,2026-05-18,15000,abono,efectivo
PAY-0060-SALDO,BOOK-0060,2026-05-21,25000,saldo final,efectivo
PAY-0061,BOOK-0061,2026-05-25,55000,abono,debito
PAY-0061-SALDO,BOOK-0061,2026-05-28,215000,saldo final,debito
PAY-0065,BOOK-0065,2026-05-26,30000,abono,credito
PAY-0065-SALDO,BOOK-0065,2026-05-29,80000,saldo final,credito
PAY-0067,BOOK-0067,2026-05-18,75000,abono,credito
PAY-0067-SALDO,BOOK-0067,2026-05-21,240000,saldo final,credito
PAY-0069,BOOK-0069,2026-05-29,50000,abono,efectivo
PAY-0069-SALDO,BOOK-0069,2026-06-02,125000,saldo final,efectivo
PAY-0070,BOOK-0070,2026-06-17,75000,abono,transferencia
PAY-0070-SALDO,BOOK-0070,2026-06-20,245000,saldo final,transferencia
PAY-0076,BOOK-0076,2026-06-05,95000,abono,debito
PAY-0076-SALDO,BOOK-0076,2026-06-09,345000,saldo final,debito
PAY-0081,BOOK-0081,2026-06-14,25000,abono,efectivo
PAY-0081-SALDO,BOOK-0081,2026-06-17,50000,saldo final,efectivo
PAY-0085,BOOK-0085,2026-06-11,55000,abono,debito
PAY-0085-SALDO,BOOK-0085,2026-06-16,190000,saldo final,debito
PAY-0090,BOOK-0090,2026-05-16,30000,abono,debito
PAY-0090-SALDO,BOOK-0090,2026-05-19,85000,saldo final,debito
PAY-0092,BOOK-0092,2026-05-23,15000,abono,credito
PAY-0092-SALDO,BOOK-0092,2026-05-26,30000,saldo final,credito
PAY-0093,BOOK-0093,2026-06-17,25000,abono,credito
PAY-0095,BOOK-0095,2026-06-19,30000,abono,transferencia
PAY-0097,BOOK-0097,2026-06-15,35000,abono,debito
PAY-0097-SALDO,BOOK-0097,2026-06-18,85000,saldo final,debito
PAY-0104,BOOK-0104,2026-06-05,15000,abono,efectivo
PAY-0104-SALDO,BOOK-0104,2026-06-09,25000,saldo final,efectivo
PAY-0105,BOOK-0105,2026-06-01,45000,abono,efectivo
PAY-0105-SALDO,BOOK-0105,2026-06-04,130000,saldo final,efectivo
PAY-0110,BOOK-0110,2026-05-13,45000,abono,debito
PAY-0113,BOOK-0113,2026-05-31,30000,abono,debito
PAY-0113-SALDO,BOOK-0113,2026-06-03,60000,saldo final,debito
PAY-0115,BOOK-0115,2026-05-31,50000,abono,transferencia
PAY-0115-SALDO,BOOK-0115,2026-06-03,130000,saldo final,transferencia
PAY-0118,BOOK-0118,2026-06-07,30000,abono,debito
PAY-0118-SALDO,BOOK-0118,2026-06-10,60000,saldo final,debito
PAY-0119,BOOK-0119,2026-05-20,55000,abono,transferencia
PAY-0119-SALDO,BOOK-0119,2026-05-23,195000,saldo final,transferencia
PAY-0121,BOOK-0121,2026-05-20,15000,abono,efectivo
PAY-0122,BOOK-0122,2026-06-05,20000,abono,transferencia
PAY-0122-SALDO,BOOK-0122,2026-06-09,40000,saldo final,transferencia
PAY-0123,BOOK-0123,2026-05-15,35000,abono,efectivo
PAY-0123-SALDO,BOOK-0123,2026-05-19,90000,saldo final,efectivo
PAY-0126,BOOK-0126,2026-05-16,60000,abono,credito
PAY-0126-SALDO,BOOK-0126,2026-05-19,225000,saldo final,credito
PAY-0127,BOOK-0127,2026-06-02,50000,abono,debito
PAY-0127-SALDO,BOOK-0127,2026-06-05,195000,saldo final,debito
PAY-0128,BOOK-0128,2026-05-31,15000,abono,efectivo
PAY-0128-SALDO,BOOK-0128,2026-06-03,25000,saldo final,efectivo
PAY-0131,BOOK-0131,2026-05-30,30000,abono,debito
PAY-0131-SALDO,BOOK-0131,2026-06-02,60000,saldo final,debito
PAY-0132,BOOK-0132,2026-06-06,15000,abono,credito
PAY-0132-SALDO,BOOK-0132,2026-06-09,25000,saldo final,credito
PAY-0135,BOOK-0135,2026-06-17,50000,abono,debito
PAY-0135-SALDO,BOOK-0135,2026-06-23,185000,saldo final,debito
PAY-0139,BOOK-0139,2026-05-17,40000,abono,transferencia
PAY-0139-SALDO,BOOK-0139,2026-05-20,105000,saldo final,transferencia
PAY-0142,BOOK-0142,2026-06-13,20000,abono,efectivo
PAY-0142-SALDO,BOOK-0142,2026-06-16,35000,saldo final,efectivo
PAY-0145,BOOK-0145,2026-05-15,25000,abono,credito
PAY-0145-SALDO,BOOK-0145,2026-05-20,50000,saldo final,credito
PAY-0146,BOOK-0146,2026-05-30,50000,abono,credito
PAY-0146-SALDO,BOOK-0146,2026-06-02,135000,saldo final,credito
PAY-0147,BOOK-0147,2026-06-10,30000,abono,debito
PAY-0147-SALDO,BOOK-0147,2026-06-13,55000,saldo final,debito
PAY-0148,BOOK-0148,2026-05-17,55000,abono,credito
PAY-0149,BOOK-0149,2026-05-20,15000,abono,transferencia
PAY-0155,BOOK-0155,2026-05-24,40000,abono,transferencia
PAY-0155-SALDO,BOOK-0155,2026-05-27,105000,saldo final,transferencia
PAY-0158,BOOK-0158,2026-06-18,50000,abono,efectivo
PAY-0158-SALDO,BOOK-0158,2026-06-23,125000,saldo final,efectivo
PAY-0159,BOOK-0159,2026-05-26,30000,abono,credito
PAY-0159-SALDO,BOOK-0159,2026-05-29,60000,saldo final,credito
PAY-0160,BOOK-0160,2026-05-24,45000,abono,debito
PAY-0160-SALDO,BOOK-0160,2026-05-27,165000,saldo final,debito
PAY-0162,BOOK-0162,2026-06-10,30000,abono,efectivo
PAY-0162-SALDO,BOOK-0162,2026-06-13,60000,saldo final,efectivo
PAY-0164,BOOK-0164,2026-05-25,15000,abono,efectivo
PAY-0164-SALDO,BOOK-0164,2026-05-28,30000,saldo final,efectivo
PAY-0170,BOOK-0170,2026-05-29,20000,abono,efectivo
PAY-0170-SALDO,BOOK-0170,2026-06-02,35000,saldo final,efectivo
PAY-0171,BOOK-0171,2026-06-06,45000,abono,transferencia
PAY-0172,BOOK-0172,2026-06-13,55000,abono,efectivo
PAY-0172-SALDO,BOOK-0172,2026-06-17,150000,saldo final,efectivo
PAY-0173,BOOK-0173,2026-06-02,40000,abono,debito
PAY-0173-SALDO,BOOK-0173,2026-06-05,105000,saldo final,debito
PAY-0174,BOOK-0174,2026-05-29,55000,abono,debito
PAY-0175,BOOK-0175,2026-05-22,25000,abono,credito
PAY-0175-SALDO,BOOK-0175,2026-05-26,70000,saldo final,credito
PAY-0178,BOOK-0178,2026-05-19,50000,abono,credito
PAY-0178-SALDO,BOOK-0178,2026-05-22,180000,saldo final,credito
PAY-0179,BOOK-0179,2026-06-05,95000,abono,transferencia
PAY-0179-SALDO,BOOK-0179,2026-06-09,380000,saldo final,transferencia
PAY-0181,BOOK-0181,2026-06-02,30000,abono,transferencia
PAY-0181-SALDO,BOOK-0181,2026-06-05,45000,saldo final,transferencia
PAY-0186,BOOK-0186,2026-06-14,15000,abono,debito
PAY-0187,BOOK-0187,2026-06-02,75000,abono,efectivo
PAY-0187-SALDO,BOOK-0187,2026-06-10,275000,saldo final,efectivo
PAY-0190,BOOK-0190,2026-05-20,55000,abono,transferencia
PAY-0190-SALDO,BOOK-0190,2026-05-23,185000,saldo final,transferencia
PAY-0195,BOOK-0195,2026-05-14,40000,abono,transferencia
PAY-0196,BOOK-0196,2026-06-12,15000,abono,debito
PAY-0196-SALDO,BOOK-0196,2026-06-16,25000,saldo final,debito
PAY-0199,BOOK-0199,2026-05-26,40000,abono,credito
PAY-0199-SALDO,BOOK-0199,2026-05-29,90000,saldo final,credito
PAY-0200,BOOK-0200,2026-06-03,30000,abono,debito
PAY-0200-SALDO,BOOK-0200,2026-06-06,55000,saldo final,debito
PAY-0202,BOOK-0202,2026-06-12,30000,abono,debito
PAY-0202-SALDO,BOOK-0202,2026-06-16,85000,saldo final,debito
PAY-0207,BOOK-0207,2026-06-16,30000,abono,transferencia
PAY-0207-SALDO,BOOK-0207,2026-06-19,50000,saldo final,transferencia
PAY-0209,BOOK-0209,2026-05-23,25000,abono,transferencia
PAY-0215,BOOK-0215,2026-05-15,15000,abono,debito
PAY-0215-SALDO,BOOK-0215,2026-05-19,25000,saldo final,debito
PAY-0217,BOOK-0217,2026-06-12,20000,abono,debito
PAY-0218,BOOK-0218,2026-05-18,55000,abono,efectivo
PAY-0218-SALDO,BOOK-0218,2026-05-21,225000,saldo final,efectivo
PAY-0219,BOOK-0219,2026-06-10,40000,abono,transferencia
PAY-0219-SALDO,BOOK-0219,2026-06-13,120000,saldo final,transferencia
PAY-0224,BOOK-0224,2026-05-19,50000,abono,debito
PAY-0224-SALDO,BOOK-0224,2026-05-22,130000,saldo final,debito
PAY-0227,BOOK-0227,2026-05-26,30000,abono,transferencia
PAY-0232,BOOK-0232,2026-05-29,50000,abono,credito
PAY-0232-SALDO,BOOK-0232,2026-06-02,125000,saldo final,credito
PAY-0233,BOOK-0233,2026-06-17,30000,abono,debito
PAY-0233-SALDO,BOOK-0233,2026-06-20,55000,saldo final,debito
PAY-0237,BOOK-0237,2026-06-16,50000,abono,credito
PAY-0237-SALDO,BOOK-0237,2026-06-24,180000,saldo final,credito
PAY-0239,BOOK-0239,2026-05-22,25000,abono,efectivo
PAY-0239-SALDO,BOOK-0239,2026-05-26,50000,saldo final,efectivo
PAY-0240,BOOK-0240,2026-05-31,25000,abono,debito
PAY-0240-SALDO,BOOK-0240,2026-06-03,65000,saldo final,debito
PAY-0242,BOOK-0242,2026-05-27,55000,abono,credito
PAY-0242-SALDO,BOOK-0242,2026-05-30,225000,saldo final,credito
PAY-0245,BOOK-0245,2026-06-18,55000,abono,debito
PAY-0249,BOOK-0249,2026-05-20,75000,abono,transferencia
PAY-0249-SALDO,BOOK-0249,2026-05-26,245000,saldo final,transferencia
PAY-0250,BOOK-0250,2026-06-03,55000,abono,transferencia
PAY-0250-SALDO,BOOK-0250,2026-06-09,210000,saldo final,transferencia
PAY-0251,BOOK-0251,2026-05-17,50000,abono,debito
PAY-0251-SALDO,BOOK-0251,2026-05-20,115000,saldo final,debito
PAY-0257,BOOK-0257,2026-05-18,25000,abono,efectivo
PAY-0257-SALDO,BOOK-0257,2026-05-21,45000,saldo final,efectivo
PAY-0258,BOOK-0258,2026-06-04,20000,abono,credito
PAY-0259,BOOK-0259,2026-06-19,50000,abono,transferencia
PAY-0259-SALDO,BOOK-0259,2026-06-25,125000,saldo final,transferencia
PAY-0260,BOOK-0260,2026-06-10,20000,abono,credito
PAY-0260-SALDO,BOOK-0260,2026-06-13,45000,saldo final,credito
PAY-0261,BOOK-0261,2026-06-02,30000,abono,transferencia
PAY-0262,BOOK-0262,2026-05-26,15000,abono,efectivo
PAY-0262-SALDO,BOOK-0262,2026-05-29,25000,saldo final,efectivo
PAY-0263,BOOK-0263,2026-05-13,30000,abono,efectivo
PAY-0263-SALDO,BOOK-0263,2026-05-16,60000,saldo final,efectivo
PAY-0266,BOOK-0266,2026-05-13,50000,abono,debito
PAY-0266-SALDO,BOOK-0266,2026-05-16,120000,saldo final,debito
PAY-0268,BOOK-0268,2026-06-05,25000,abono,debito
PAY-0268-SALDO,BOOK-0268,2026-06-09,45000,saldo final,debito
PAY-0269,BOOK-0269,2026-06-12,30000,abono,efectivo
PAY-0269-SALDO,BOOK-0269,2026-06-16,60000,saldo final,efectivo
PAY-0270,BOOK-0270,2026-06-14,30000,abono,efectivo
PAY-0270-SALDO,BOOK-0270,2026-06-17,55000,saldo final,efectivo
PAY-0273,BOOK-0273,2026-06-06,20000,abono,efectivo
PAY-0273-SALDO,BOOK-0273,2026-06-10,30000,saldo final,efectivo
PAY-0275,BOOK-0275,2026-05-21,65000,abono,debito
PAY-0275-SALDO,BOOK-0275,2026-05-26,250000,saldo final,debito
PAY-0276,BOOK-0276,2026-06-04,50000,abono,efectivo
PAY-0276-SALDO,BOOK-0276,2026-06-10,135000,saldo final,efectivo
PAY-0279,BOOK-0279,2026-06-07,15000,abono,efectivo
PAY-0279-SALDO,BOOK-0279,2026-06-10,30000,saldo final,efectivo
PAY-0281,BOOK-0281,2026-05-20,45000,abono,transferencia
PAY-0281-SALDO,BOOK-0281,2026-05-27,160000,saldo final,transferencia
PAY-0282,BOOK-0282,2026-05-28,50000,abono,transferencia
PAY-0282-SALDO,BOOK-0282,2026-06-04,175000,saldo final,transferencia
PAY-0286,BOOK-0286,2026-05-26,50000,abono,efectivo
PAY-0286-SALDO,BOOK-0286,2026-05-30,140000,saldo final,efectivo
PAY-0287,BOOK-0287,2026-06-06,30000,abono,transferencia
PAY-0288,BOOK-0288,2026-06-15,50000,abono,efectivo
PAY-0288-SALDO,BOOK-0288,2026-06-18,145000,saldo final,efectivo
PAY-0289,BOOK-0289,2026-06-02,30000,abono,credito
PAY-0289-SALDO,BOOK-0289,2026-06-05,60000,saldo final,credito
PAY-0290,BOOK-0290,2026-05-28,60000,abono,transferencia
PAY-0290-SALDO,BOOK-0290,2026-06-05,210000,saldo final,transferencia
PAY-0296,BOOK-0296,2026-06-15,90000,abono,debito
PAY-0296-SALDO,BOOK-0296,2026-06-18,350000,saldo final,debito
PAY-0300,BOOK-0300,2026-05-31,30000,abono,debito
PAY-0300-SALDO,BOOK-0300,2026-06-03,55000,saldo final,debito
PAY-0301,BOOK-0301,2026-05-21,35000,abono,debito
PAY-0301-SALDO,BOOK-0301,2026-05-27,95000,saldo final,debito
PAY-0316,BOOK-0316,2026-05-22,15000,abono,credito
PAY-0316-SALDO,BOOK-0316,2026-05-26,25000,saldo final,credito
PAY-0318,BOOK-0318,2026-05-24,75000,abono,efectivo
PAY-0318-SALDO,BOOK-0318,2026-05-28,265000,saldo final,efectivo
PAY-0319,BOOK-0319,2026-06-15,30000,abono,credito
PAY-0319-SALDO,BOOK-0319,2026-06-18,60000,saldo final,credito
PAY-0324,BOOK-0324,2026-05-27,50000,abono,transferencia
PAY-0327,BOOK-0327,2026-06-17,50000,abono,debito
PAY-0327-SALDO,BOOK-0327,2026-06-26,130000,saldo final,debito
PAY-0330,BOOK-0330,2026-06-07,35000,abono,credito
PAY-0330-SALDO,BOOK-0330,2026-06-11,95000,saldo final,credito
PAY-0331,BOOK-0331,2026-05-28,30000,abono,transferencia
PAY-0331-SALDO,BOOK-0331,2026-06-02,55000,saldo final,transferencia
PAY-0335,BOOK-0335,2026-05-20,35000,abono,efectivo
PAY-0335-SALDO,BOOK-0335,2026-05-28,90000,saldo final,efectivo
PAY-0337,BOOK-0337,2026-06-14,55000,abono,transferencia
PAY-0337-SALDO,BOOK-0337,2026-06-27,215000,saldo final,transferencia
PAY-0339,BOOK-0339,2026-06-03,55000,abono,efectivo
PAY-0339-SALDO,BOOK-0339,2026-06-11,225000,saldo final,efectivo
PAY-0340,BOOK-0340,2026-05-21,70000,abono,efectivo
PAY-0340-SALDO,BOOK-0340,2026-06-02,245000,saldo final,efectivo
PAY-0344,BOOK-0344,2026-06-14,30000,abono,debito
PAY-0344-SALDO,BOOK-0344,2026-06-17,80000,saldo final,debito
PAY-0345,BOOK-0345,2026-06-10,15000,abono,credito
PAY-0354,BOOK-0354,2026-06-09,30000,abono,credito
PAY-0354-SALDO,BOOK-0354,2026-06-12,60000,saldo final,credito
PAY-0355,BOOK-0355,2026-05-22,50000,abono,debito
PAY-0355-SALDO,BOOK-0355,2026-05-27,170000,saldo final,debito
PAY-0356,BOOK-0356,2026-05-15,30000,abono,debito
PAY-0362,BOOK-0362,2026-05-30,50000,abono,credito
PAY-0362-SALDO,BOOK-0362,2026-06-03,130000,saldo final,credito
PAY-0365,BOOK-0365,2026-06-02,15000,abono,credito
PAY-0365-SALDO,BOOK-0365,2026-06-05,25000,saldo final,credito
PAY-0369,BOOK-0369,2026-06-17,35000,abono,transferencia
PAY-0369-SALDO,BOOK-0369,2026-06-20,100000,saldo final,transferencia
PAY-0375,BOOK-0375,2026-06-08,15000,abono,debito
PAY-0375-SALDO,BOOK-0375,2026-06-11,30000,saldo final,debito
PAY-0380,BOOK-0380,2026-06-05,55000,abono,credito
PAY-0380-SALDO,BOOK-0380,2026-06-12,225000,saldo final,credito
PAY-0382,BOOK-0382,2026-05-14,30000,abono,debito
PAY-0382-SALDO,BOOK-0382,2026-05-19,60000,saldo final,debito
PAY-0383,BOOK-0383,2026-06-08,50000,abono,debito
PAY-0383-SALDO,BOOK-0383,2026-06-11,175000,saldo final,debito
PAY-0385,BOOK-0385,2026-05-26,25000,abono,efectivo
PAY-0385-SALDO,BOOK-0385,2026-05-29,45000,saldo final,efectivo
PAY-0386,BOOK-0386,2026-05-26,15000,abono,efectivo
PAY-0389,BOOK-0389,2026-06-16,50000,abono,efectivo
PAY-0389-SALDO,BOOK-0389,2026-06-19,140000,saldo final,efectivo
PAY-0390,BOOK-0390,2026-06-06,65000,abono,transferencia
PAY-0390-SALDO,BOOK-0390,2026-06-17,245000,saldo final,transferencia
PAY-0392,BOOK-0392,2026-05-28,20000,abono,transferencia
PAY-0401,BOOK-0401,2026-06-19,25000,abono,transferencia
PAY-0402,BOOK-0402,2026-05-31,15000,abono,efectivo
PAY-0402-SALDO,BOOK-0402,2026-06-04,25000,saldo final,efectivo
PAY-0403,BOOK-0403,2026-06-09,30000,abono,transferencia
PAY-0403-SALDO,BOOK-0403,2026-06-12,60000,saldo final,transferencia
PAY-0404,BOOK-0404,2026-06-16,50000,abono,efectivo
PAY-0404-SALDO,BOOK-0404,2026-06-20,170000,saldo final,efectivo
PAY-0410,BOOK-0410,2026-05-22,45000,abono,efectivo
PAY-0410-SALDO,BOOK-0410,2026-05-29,110000,saldo final,efectivo
PAY-0414,BOOK-0414,2026-06-05,20000,abono,transferencia
PAY-0414-SALDO,BOOK-0414,2026-06-09,30000,saldo final,transferencia
PAY-0416,BOOK-0416,2026-05-17,25000,abono,efectivo
PAY-0416-SALDO,BOOK-0416,2026-05-20,45000,saldo final,efectivo
PAY-0417,BOOK-0417,2026-06-13,25000,abono,debito
PAY-0417-SALDO,BOOK-0417,2026-06-16,75000,saldo final,debito
PAY-0421,BOOK-0421,2026-06-17,20000,abono,efectivo
PAY-0421-SALDO,BOOK-0421,2026-06-20,35000,saldo final,efectivo
PAY-0422,BOOK-0422,2026-06-07,75000,abono,credito
PAY-0422-SALDO,BOOK-0422,2026-06-18,270000,saldo final,credito
PAY-0423,BOOK-0423,2026-05-24,30000,abono,debito
PAY-0423-SALDO,BOOK-0423,2026-05-27,50000,saldo final,debito
PAY-0425,BOOK-0425,2026-05-14,60000,abono,efectivo
PAY-0425-SALDO,BOOK-0425,2026-05-19,210000,saldo final,efectivo
PAY-0426,BOOK-0426,2026-05-15,35000,abono,transferencia
PAY-0427,BOOK-0427,2026-05-20,35000,abono,debito
PAY-0427-SALDO,BOOK-0427,2026-05-23,95000,saldo final,debito
PAY-0429,BOOK-0429,2026-06-04,15000,abono,credito
PAY-0429-SALDO,BOOK-0429,2026-06-10,30000,saldo final,credito
PAY-0430,BOOK-0430,2026-06-17,30000,abono,debito
PAY-0430-SALDO,BOOK-0430,2026-06-20,55000,saldo final,debito
PAY-0432,BOOK-0432,2026-05-17,30000,abono,transferencia
PAY-0433,BOOK-0433,2026-05-27,25000,abono,credito
PAY-0433-SALDO,BOOK-0433,2026-05-30,45000,saldo final,credito
PAY-0436,BOOK-0436,2026-05-27,50000,abono,debito
PAY-0436-SALDO,BOOK-0436,2026-05-30,135000,saldo final,debito
PAY-0439,BOOK-0439,2026-06-01,30000,abono,debito
PAY-0439-SALDO,BOOK-0439,2026-06-04,55000,saldo final,debito
PAY-0441,BOOK-0441,2026-06-05,25000,abono,credito
PAY-0441-SALDO,BOOK-0441,2026-06-10,55000,saldo final,credito
PAY-0443,BOOK-0443,2026-06-07,60000,abono,credito
PAY-0443-SALDO,BOOK-0443,2026-06-10,220000,saldo final,credito
PAY-0444,BOOK-0444,2026-06-09,50000,abono,debito
PAY-0444-SALDO,BOOK-0444,2026-06-12,130000,saldo final,debito
PAY-0446,BOOK-0446,2026-06-02,50000,abono,credito
PAY-0446-SALDO,BOOK-0446,2026-06-06,140000,saldo final,credito
PAY-0448,BOOK-0448,2026-06-03,65000,abono,credito
PAY-0448-SALDO,BOOK-0448,2026-06-06,220000,saldo final,credito
PAY-0450,BOOK-0450,2026-05-22,30000,abono,efectivo
PAY-0450-SALDO,BOOK-0450,2026-05-28,55000,saldo final,efectivo
PAY-0454,BOOK-0454,2026-06-07,15000,abono,debito
PAY-0457,BOOK-0457,2026-06-15,50000,abono,debito
PAY-0457-SALDO,BOOK-0457,2026-06-30,180000,saldo final,debito
PAY-0458,BOOK-0458,2026-06-19,50000,abono,debito
PAY-0458-SALDO,BOOK-0458,2026-07-01,140000,saldo final,debito
PAY-0460,BOOK-0460,2026-06-17,55000,abono,efectivo
PAY-0460-SALDO,BOOK-0460,2026-06-24,205000,saldo final,efectivo
PAY-0461,BOOK-0461,2026-05-17,55000,abono,credito
PAY-0461-SALDO,BOOK-0461,2026-05-20,125000,saldo final,credito
PAY-0462,BOOK-0462,2026-05-15,25000,abono,efectivo
PAY-0462-SALDO,BOOK-0462,2026-05-19,55000,saldo final,efectivo
PAY-0463,BOOK-0463,2026-05-25,50000,abono,credito
PAY-0463-SALDO,BOOK-0463,2026-05-28,125000,saldo final,credito
PAY-0464,BOOK-0464,2026-05-22,45000,abono,credito
PAY-0464-SALDO,BOOK-0464,2026-05-29,115000,saldo final,credito
PAY-0467,BOOK-0467,2026-05-23,20000,abono,credito
PAY-0467-SALDO,BOOK-0467,2026-05-26,30000,saldo final,credito
PAY-0474,BOOK-0474,2026-06-12,15000,abono,transferencia
PAY-0475,BOOK-0475,2026-05-19,60000,abono,debito
PAY-0475-SALDO,BOOK-0475,2026-05-22,240000,saldo final,debito
PAY-0476,BOOK-0476,2026-05-16,50000,abono,efectivo
PAY-0476-SALDO,BOOK-0476,2026-05-21,130000,saldo final,efectivo
PAY-0480,BOOK-0480,2026-05-18,15000,abono,credito
PAY-0480-SALDO,BOOK-0480,2026-05-21,30000,saldo final,credito
PAY-0481,BOOK-0481,2026-06-13,50000,abono,debito
PAY-0481-SALDO,BOOK-0481,2026-06-16,140000,saldo final,debito
PAY-0482,BOOK-0482,2026-06-16,25000,abono,transferencia
PAY-0482-SALDO,BOOK-0482,2026-06-19,60000,saldo final,transferencia
PAY-0483,BOOK-0483,2026-06-02,50000,abono,transferencia
PAY-0483-SALDO,BOOK-0483,2026-06-05,125000,saldo final,transferencia
PAY-0491,BOOK-0491,2026-05-27,50000,abono,credito
PAY-0491-SALDO,BOOK-0491,2026-06-06,130000,saldo final,credito
PAY-0496,BOOK-0496,2026-05-20,65000,abono,transferencia
PAY-0496-SALDO,BOOK-0496,2026-05-28,225000,saldo final,transferencia
PAY-0499,BOOK-0499,2026-05-29,55000,abono,debito
PAY-0499-SALDO,BOOK-0499,2026-06-03,200000,saldo final,debito
PAY-0500,BOOK-0500,2026-06-08,35000,abono,efectivo
PAY-0500-SALDO,BOOK-0500,2026-06-11,95000,saldo final,efectivo
PAY-0506,BOOK-0506,2026-05-13,20000,abono,credito
PAY-0506-SALDO,BOOK-0506,2026-05-16,30000,saldo final,credito
PAY-0507,BOOK-0507,2026-05-17,30000,abono,efectivo
PAY-0507-SALDO,BOOK-0507,2026-05-22,90000,saldo final,efectivo
PAY-0508,BOOK-0508,2026-06-12,50000,abono,credito
PAY-0508-SALDO,BOOK-0508,2026-06-19,115000,saldo final,credito
PAY-0509,BOOK-0509,2026-05-21,15000,abono,credito
PAY-0509-SALDO,BOOK-0509,2026-05-26,25000,saldo final,credito
PAY-0512,BOOK-0512,2026-05-22,60000,abono,transferencia
PAY-0512-SALDO,BOOK-0512,2026-05-26,235000,saldo final,transferencia
PAY-0516,BOOK-0516,2026-06-16,40000,abono,debito
PAY-0516-SALDO,BOOK-0516,2026-06-19,110000,saldo final,debito
PAY-0519,BOOK-0519,2026-06-19,70000,abono,debito
PAY-0519-SALDO,BOOK-0519,2026-06-24,240000,saldo final,debito
PAY-0522,BOOK-0522,2026-05-19,25000,abono,efectivo
PAY-0522-SALDO,BOOK-0522,2026-05-22,40000,saldo final,efectivo
PAY-0524,BOOK-0524,2026-05-17,50000,abono,efectivo
PAY-0524-SALDO,BOOK-0524,2026-05-22,135000,saldo final,efectivo
PAY-0526,BOOK-0526,2026-05-20,65000,abono,efectivo
PAY-0526-SALDO,BOOK-0526,2026-05-27,255000,saldo final,efectivo
PAY-0527,BOOK-0527,2026-05-29,15000,abono,efectivo
PAY-0527-SALDO,BOOK-0527,2026-06-02,25000,saldo final,efectivo
PAY-0529,BOOK-0529,2026-06-05,20000,abono,credito
PAY-0529-SALDO,BOOK-0529,2026-06-09,35000,saldo final,credito
PAY-0530,BOOK-0530,2026-06-13,50000,abono,debito
PAY-0530-SALDO,BOOK-0530,2026-06-16,135000,saldo final,debito
PAY-0533,BOOK-0533,2026-05-30,30000,abono,efectivo
PAY-0533-SALDO,BOOK-0533,2026-06-03,50000,saldo final,efectivo
PAY-0534,BOOK-0534,2026-06-05,45000,abono,credito
PAY-0534-SALDO,BOOK-0534,2026-06-13,120000,saldo final,credito
PAY-0535,BOOK-0535,2026-06-16,25000,abono,transferencia
PAY-0537,BOOK-0537,2026-06-08,35000,abono,transferencia
PAY-0537-SALDO,BOOK-0537,2026-06-11,90000,saldo final,transferencia
PAY-0541,BOOK-0541,2026-05-14,30000,abono,transferencia
PAY-0541-SALDO,BOOK-0541,2026-05-21,80000,saldo final,transferencia
PAY-0544,BOOK-0544,2026-06-04,50000,abono,transferencia
PAY-0544-SALDO,BOOK-0544,2026-06-13,140000,saldo final,transferencia
PAY-0545,BOOK-0545,2026-05-22,40000,abono,debito
PAY-0545-SALDO,BOOK-0545,2026-05-30,95000,saldo final,debito
PAY-0547,BOOK-0547,2026-05-21,15000,abono,transferencia
PAY-0547-SALDO,BOOK-0547,2026-05-27,25000,saldo final,transferencia
PAY-0548,BOOK-0548,2026-06-09,70000,abono,debito
PAY-0548-SALDO,BOOK-0548,2026-06-12,255000,saldo final,debito
PAY-0549,BOOK-0549,2026-06-02,20000,abono,debito
PAY-0551,BOOK-0551,2026-05-29,50000,abono,transferencia
PAY-0551-SALDO,BOOK-0551,2026-06-06,125000,saldo final,transferencia
PAY-0552,BOOK-0552,2026-05-26,30000,abono,transferencia
PAY-0552-SALDO,BOOK-0552,2026-05-29,55000,saldo final,transferencia
PAY-0560,BOOK-0560,2026-06-18,85000,abono,credito
PAY-0560-SALDO,BOOK-0560,2026-06-25,310000,saldo final,credito
PAY-0564,BOOK-0564,2026-06-10,40000,abono,debito
PAY-0564-SALDO,BOOK-0564,2026-06-13,95000,saldo final,debito
PAY-0566,BOOK-0566,2026-06-04,50000,abono,transferencia
PAY-0571,BOOK-0571,2026-05-17,20000,abono,credito
PAY-0571-SALDO,BOOK-0571,2026-05-20,40000,saldo final,credito
PAY-0572,BOOK-0572,2026-05-31,65000,abono,credito
PAY-0572-SALDO,BOOK-0572,2026-06-04,240000,saldo final,credito
PAY-0573,BOOK-0573,2026-05-19,15000,abono,efectivo
PAY-0573-SALDO,BOOK-0573,2026-05-22,25000,saldo final,efectivo
PAY-0574,BOOK-0574,2026-06-03,30000,abono,debito
PAY-0574-SALDO,BOOK-0574,2026-06-06,85000,saldo final,debito
PAY-0578,BOOK-0578,2026-06-07,50000,abono,transferencia
PAY-0578-SALDO,BOOK-0578,2026-06-19,145000,saldo final,transferencia
PAY-0581,BOOK-0581,2026-06-09,20000,abono,transferencia
PAY-0581-SALDO,BOOK-0581,2026-06-12,45000,saldo final,transferencia
PAY-0585,BOOK-0585,2026-05-27,35000,abono,debito
PAY-0585-SALDO,BOOK-0585,2026-05-30,80000,saldo final,debito
PAY-0587,BOOK-0587,2026-05-21,15000,abono,transferencia
PAY-0587-SALDO,BOOK-0587,2026-05-27,25000,saldo final,transferencia
PAY-0588,BOOK-0588,2026-06-08,50000,abono,credito
PAY-0588-SALDO,BOOK-0588,2026-06-12,120000,saldo final,credito
PAY-0590,BOOK-0590,2026-06-10,55000,abono,debito
PAY-0592,BOOK-0592,2026-06-18,15000,abono,debito
PAY-0592-SALDO,BOOK-0592,2026-06-23,25000,saldo final,debito
PAY-0599,BOOK-0599,2026-06-14,55000,abono,efectivo
PAY-0602,BOOK-0602,2026-06-13,25000,abono,debito
PAY-0602-SALDO,BOOK-0602,2026-06-16,75000,saldo final,debito
PAY-0603,BOOK-0603,2026-05-13,30000,abono,efectivo
PAY-0603-SALDO,BOOK-0603,2026-05-16,85000,saldo final,efectivo
PAY-0608,BOOK-0608,2026-05-23,45000,abono,credito
PAY-0608-SALDO,BOOK-0608,2026-05-27,145000,saldo final,credito
PAY-0609,BOOK-0609,2026-06-16,30000,abono,debito
PAY-0609-SALDO,BOOK-0609,2026-06-19,65000,saldo final,debito
PAY-0613,BOOK-0613,2026-06-06,15000,abono,debito
PAY-0613-SALDO,BOOK-0613,2026-06-10,30000,saldo final,debito
PAY-0615,BOOK-0615,2026-06-15,30000,abono,efectivo
PAY-0615-SALDO,BOOK-0615,2026-06-18,55000,saldo final,efectivo
PAY-0616,BOOK-0616,2026-06-17,65000,abono,credito
PAY-0616-SALDO,BOOK-0616,2026-06-24,215000,saldo final,credito
PAY-0618,BOOK-0618,2026-05-27,15000,abono,transferencia
PAY-0618-SALDO,BOOK-0618,2026-06-02,30000,saldo final,transferencia
PAY-0621,BOOK-0621,2026-05-22,50000,abono,transferencia
PAY-0622,BOOK-0622,2026-05-20,35000,abono,transferencia
PAY-0622-SALDO,BOOK-0622,2026-05-23,85000,saldo final,transferencia
PAY-0623,BOOK-0623,2026-06-11,35000,abono,transferencia
PAY-0623-SALDO,BOOK-0623,2026-06-26,80000,saldo final,transferencia
PAY-0624,BOOK-0624,2026-06-05,55000,abono,transferencia
PAY-0624-SALDO,BOOK-0624,2026-06-16,195000,saldo final,transferencia
PAY-0627,BOOK-0627,2026-06-08,30000,abono,efectivo
PAY-0627-SALDO,BOOK-0627,2026-06-26,60000,saldo final,efectivo
PAY-0628,BOOK-0628,2026-05-15,50000,abono,efectivo
PAY-0631,BOOK-0631,2026-05-28,25000,abono,credito
PAY-0631-SALDO,BOOK-0631,2026-06-02,70000,saldo final,credito
PAY-0638,BOOK-0638,2026-05-19,55000,abono,credito
PAY-0639,BOOK-0639,2026-06-07,50000,abono,efectivo
PAY-0639-SALDO,BOOK-0639,2026-06-24,145000,saldo final,efectivo
PAY-0640,BOOK-0640,2026-06-02,50000,abono,efectivo
PAY-0640-SALDO,BOOK-0640,2026-06-11,130000,saldo final,efectivo
PAY-0641,BOOK-0641,2026-06-11,65000,abono,efectivo
PAY-0641-SALDO,BOOK-0641,2026-06-17,225000,saldo final,efectivo
PAY-0644,BOOK-0644,2026-05-22,15000,abono,credito
PAY-0644-SALDO,BOOK-0644,2026-05-26,25000,saldo final,credito
PAY-0650,BOOK-0650,2026-06-18,25000,abono,credito
PAY-0651,BOOK-0651,2026-05-25,45000,abono,credito
PAY-0651-SALDO,BOOK-0651,2026-05-29,185000,saldo final,credito
PAY-0652,BOOK-0652,2026-05-18,15000,abono,transferencia
PAY-0652-SALDO,BOOK-0652,2026-05-22,30000,saldo final,transferencia
PAY-0658,BOOK-0658,2026-05-28,20000,abono,debito
PAY-0658-SALDO,BOOK-0658,2026-06-02,35000,saldo final,debito
PAY-0660,BOOK-0660,2026-06-09,25000,abono,transferencia
PAY-0660-SALDO,BOOK-0660,2026-06-12,60000,saldo final,transferencia
PAY-0661,BOOK-0661,2026-06-17,15000,abono,efectivo
PAY-0661-SALDO,BOOK-0661,2026-06-20,25000,saldo final,efectivo
PAY-0663,BOOK-0663,2026-05-22,50000,abono,efectivo
PAY-0663-SALDO,BOOK-0663,2026-06-06,185000,saldo final,efectivo
PAY-0668,BOOK-0668,2026-05-17,65000,abono,debito
PAY-0669,BOOK-0669,2026-05-21,20000,abono,debito
PAY-0670,BOOK-0670,2026-05-22,15000,abono,efectivo
PAY-0672,BOOK-0672,2026-05-27,15000,abono,efectivo
PAY-0677,BOOK-0677,2026-06-18,30000,abono,credito
PAY-0677-SALDO,BOOK-0677,2026-06-23,50000,saldo final,credito
PAY-0679,BOOK-0679,2026-05-15,55000,abono,debito
PAY-0683,BOOK-0683,2026-06-02,30000,abono,transferencia
PAY-0683-SALDO,BOOK-0683,2026-06-05,50000,saldo final,transferencia
PAY-0691,BOOK-0691,2026-05-15,15000,abono,debito
PAY-0691-SALDO,BOOK-0691,2026-05-19,25000,saldo final,debito
PAY-0693,BOOK-0693,2026-06-16,30000,abono,transferencia
PAY-0695,BOOK-0695,2026-06-10,15000,abono,transferencia
PAY-0695-SALDO,BOOK-0695,2026-06-18,25000,saldo final,transferencia
PAY-0696,BOOK-0696,2026-06-01,50000,abono,debito
PAY-0697,BOOK-0697,2026-05-25,15000,abono,credito
PAY-0697-SALDO,BOOK-0697,2026-05-28,30000,saldo final,credito
PAY-0698,BOOK-0698,2026-06-10,65000,abono,efectivo
PAY-0698-SALDO,BOOK-0698,2026-06-26,245000,saldo final,efectivo
PAY-0699,BOOK-0699,2026-05-20,20000,abono,debito
PAY-0699-SALDO,BOOK-0699,2026-05-23,30000,saldo final,debito
PAY-0700,BOOK-0700,2026-06-17,45000,abono,debito
PAY-0700-SALDO,BOOK-0700,2026-06-25,170000,saldo final,debito
PAY-0704,BOOK-0704,2026-05-24,55000,abono,credito
PAY-0704-SALDO,BOOK-0704,2026-06-27,210000,saldo final,credito
PAY-0708,BOOK-0708,2026-06-02,25000,abono,transferencia
PAY-0708-SALDO,BOOK-0708,2026-06-05,65000,saldo final,transferencia
PAY-0712,BOOK-0712,2026-06-08,45000,abono,credito
PAY-0712-SALDO,BOOK-0712,2026-06-13,165000,saldo final,credito
PAY-0713,BOOK-0713,2026-06-11,55000,abono,transferencia
PAY-0713-SALDO,BOOK-0713,2026-06-18,185000,saldo final,transferencia
PAY-0715,BOOK-0715,2026-06-05,20000,abono,efectivo
PAY-0715-SALDO,BOOK-0715,2026-06-09,40000,saldo final,efectivo
PAY-0716,BOOK-0716,2026-06-08,20000,abono,credito
PAY-0716-SALDO,BOOK-0716,2026-06-11,35000,saldo final,credito
PAY-0717,BOOK-0717,2026-06-01,30000,abono,transferencia
PAY-0717-SALDO,BOOK-0717,2026-06-04,50000,saldo final,transferencia
PAY-0722,BOOK-0722,2026-06-09,25000,abono,efectivo
PAY-0724,BOOK-0724,2026-06-16,25000,abono,credito
PAY-0724-SALDO,BOOK-0724,2026-06-26,55000,saldo final,credito
PAY-0728,BOOK-0728,2026-06-10,55000,abono,debito
PAY-0728-SALDO,BOOK-0728,2026-06-17,195000,saldo final,debito
PAY-0730,BOOK-0730,2026-05-25,30000,abono,debito
PAY-0732,BOOK-0732,2026-05-18,15000,abono,transferencia
PAY-0732-SALDO,BOOK-0732,2026-05-28,25000,saldo final,transferencia
PAY-0735,BOOK-0735,2026-06-16,50000,abono,transferencia
PAY-0735-SALDO,BOOK-0735,2026-06-26,170000,saldo final,transferencia
PAY-0737,BOOK-0737,2026-06-08,50000,abono,debito
PAY-0737-SALDO,BOOK-0737,2026-06-27,125000,saldo final,debito
PAY-0739,BOOK-0739,2026-05-13,55000,abono,debito
PAY-0739-SALDO,BOOK-0739,2026-05-16,205000,saldo final,debito
PAY-0740,BOOK-0740,2026-06-14,30000,abono,transferencia
PAY-0740-SALDO,BOOK-0740,2026-06-17,80000,saldo final,transferencia
PAY-0741,BOOK-0741,2026-05-26,60000,abono,credito
PAY-0746,BOOK-0746,2026-06-07,70000,abono,efectivo
PAY-0746-SALDO,BOOK-0746,2026-06-19,260000,saldo final,efectivo
PAY-0749,BOOK-0749,2026-05-27,30000,abono,credito
PAY-0749-SALDO,BOOK-0749,2026-06-10,75000,saldo final,credito
PAY-0751,BOOK-0751,2026-05-27,40000,abono,transferencia
PAY-0751-SALDO,BOOK-0751,2026-05-30,95000,saldo final,transferencia
PAY-0752,BOOK-0752,2026-05-21,50000,abono,efectivo
PAY-0752-SALDO,BOOK-0752,2026-06-04,130000,saldo final,efectivo
PAY-0758,BOOK-0758,2026-06-02,15000,abono,efectivo
PAY-0758-SALDO,BOOK-0758,2026-06-05,30000,saldo final,efectivo
PAY-0760,BOOK-0760,2026-06-07,15000,abono,debito
PAY-0760-SALDO,BOOK-0760,2026-06-10,30000,saldo final,debito
PAY-0764,BOOK-0764,2026-05-18,30000,abono,debito
PAY-0764-SALDO,BOOK-0764,2026-05-23,75000,saldo final,debito
PAY-0765,BOOK-0765,2026-05-24,20000,abono,transferencia
PAY-0765-SALDO,BOOK-0765,2026-05-27,30000,saldo final,transferencia
PAY-0767,BOOK-0767,2026-05-25,15000,abono,debito
PAY-0767-SALDO,BOOK-0767,2026-05-28,30000,saldo final,debito
PAY-0768,BOOK-0768,2026-06-17,30000,abono,efectivo
PAY-0768-SALDO,BOOK-0768,2026-06-24,75000,saldo final,efectivo
PAY-0777,BOOK-0777,2026-05-20,45000,abono,debito
PAY-0777-SALDO,BOOK-0777,2026-05-23,155000,saldo final,debito
PAY-0780,BOOK-0780,2026-05-26,25000,abono,credito
PAY-0780-SALDO,BOOK-0780,2026-05-29,45000,saldo final,credito
PAY-0782,BOOK-0782,2026-05-22,60000,abono,transferencia
PAY-0782-SALDO,BOOK-0782,2026-07-01,225000,saldo final,transferencia
PAY-0783,BOOK-0783,2026-05-31,30000,abono,transferencia
PAY-0783-SALDO,BOOK-0783,2026-06-03,55000,saldo final,transferencia
PAY-0784,BOOK-0784,2026-05-22,50000,abono,credito
PAY-0785,BOOK-0785,2026-06-06,30000,abono,credito
PAY-0785-SALDO,BOOK-0785,2026-06-12,65000,saldo final,credito
PAY-0786,BOOK-0786,2026-06-01,20000,abono,debito
PAY-0786-SALDO,BOOK-0786,2026-06-06,40000,saldo final,debito
PAY-0789,BOOK-0789,2026-06-04,100000,abono,transferencia
PAY-0789-SALDO,BOOK-0789,2026-06-27,330000,saldo final,transferencia
PAY-0790,BOOK-0790,2026-06-04,20000,abono,efectivo
PAY-0795,BOOK-0795,2026-05-31,45000,abono,efectivo
PAY-0795-SALDO,BOOK-0795,2026-06-11,115000,saldo final,efectivo
PAY-0797,BOOK-0797,2026-06-11,25000,abono,credito
PAY-0798,BOOK-0798,2026-06-14,25000,abono,debito
PAY-0803,BOOK-0803,2026-05-18,40000,abono,debito
PAY-0803-SALDO,BOOK-0803,2026-05-23,100000,saldo final,debito
PAY-0807,BOOK-0807,2026-05-20,15000,abono,transferencia
PAY-0807-SALDO,BOOK-0807,2026-05-28,30000,saldo final,transferencia
PAY-0808,BOOK-0808,2026-06-10,25000,abono,efectivo
PAY-0808-SALDO,BOOK-0808,2026-06-13,40000,saldo final,efectivo
PAY-0811,BOOK-0811,2026-05-27,20000,abono,efectivo
PAY-0811-SALDO,BOOK-0811,2026-05-30,30000,saldo final,efectivo
PAY-0816,BOOK-0816,2026-06-02,15000,abono,transferencia
PAY-0816-SALDO,BOOK-0816,2026-06-05,25000,saldo final,transferencia
PAY-0817,BOOK-0817,2026-05-24,40000,abono,credito
PAY-0817-SALDO,BOOK-0817,2026-05-29,100000,saldo final,credito
PAY-0820,BOOK-0820,2026-06-08,15000,abono,debito
PAY-0820-SALDO,BOOK-0820,2026-06-12,25000,saldo final,debito
PAY-0824,BOOK-0824,2026-06-19,15000,abono,debito
PAY-0824-SALDO,BOOK-0824,2026-06-24,25000,saldo final,debito
PAY-0826,BOOK-0826,2026-06-11,25000,abono,debito
PAY-0826-SALDO,BOOK-0826,2026-06-18,65000,saldo final,debito
PAY-0827,BOOK-0827,2026-06-02,15000,abono,credito
PAY-0827-SALDO,BOOK-0827,2026-06-05,25000,saldo final,credito
PAY-0832,BOOK-0832,2026-06-15,15000,abono,efectivo
PAY-0836,BOOK-0836,2026-06-08,20000,abono,debito
PAY-0836-SALDO,BOOK-0836,2026-06-13,30000,saldo final,debito
PAY-0837,BOOK-0837,2026-05-13,20000,abono,credito
PAY-0837-SALDO,BOOK-0837,2026-05-16,30000,saldo final,credito
PAY-0846,BOOK-0846,2026-05-29,40000,abono,transferencia
PAY-0846-SALDO,BOOK-0846,2026-06-11,95000,saldo final,transferencia
PAY-0847,BOOK-0847,2026-05-17,20000,abono,efectivo
PAY-0847-SALDO,BOOK-0847,2026-05-20,35000,saldo final,efectivo
PAY-0851,BOOK-0851,2026-05-21,45000,abono,debito
PAY-0851-SALDO,BOOK-0851,2026-05-26,120000,saldo final,debito
PAY-0853,BOOK-0853,2026-05-23,75000,abono,efectivo
PAY-0853-SALDO,BOOK-0853,2026-06-04,255000,saldo final,efectivo
PAY-0854,BOOK-0854,2026-06-13,50000,abono,efectivo
PAY-0854-SALDO,BOOK-0854,2026-06-20,120000,saldo final,efectivo
PAY-0856,BOOK-0856,2026-05-23,50000,abono,transferencia
PAY-0856-SALDO,BOOK-0856,2026-05-29,120000,saldo final,transferencia
PAY-0858,BOOK-0858,2026-05-14,20000,abono,debito
PAY-0858-SALDO,BOOK-0858,2026-05-19,35000,saldo final,debito
PAY-0860,BOOK-0860,2026-05-25,30000,abono,debito
PAY-0860-SALDO,BOOK-0860,2026-06-20,75000,saldo final,debito
PAY-0869,BOOK-0869,2026-05-28,40000,abono,efectivo
PAY-0869-SALDO,BOOK-0869,2026-06-03,105000,saldo final,efectivo
PAY-0870,BOOK-0870,2026-05-19,30000,abono,efectivo
PAY-0870-SALDO,BOOK-0870,2026-05-30,60000,saldo final,efectivo
PAY-0872,BOOK-0872,2026-05-24,20000,abono,debito
PAY-0872-SALDO,BOOK-0872,2026-05-27,35000,saldo final,debito
PAY-0873,BOOK-0873,2026-06-15,50000,abono,transferencia
PAY-0873-SALDO,BOOK-0873,2026-06-23,125000,saldo final,transferencia
PAY-0874,BOOK-0874,2026-06-07,20000,abono,debito
PAY-0875,BOOK-0875,2026-06-05,55000,abono,debito
PAY-0875-SALDO,BOOK-0875,2026-07-02,215000,saldo final,debito
PAY-0881,BOOK-0881,2026-05-20,25000,abono,transferencia
PAY-0881-SALDO,BOOK-0881,2026-05-29,65000,saldo final,transferencia
PAY-0882,BOOK-0882,2026-06-05,50000,abono,efectivo
PAY-0882-SALDO,BOOK-0882,2026-06-30,145000,saldo final,efectivo
PAY-0886,BOOK-0886,2026-05-28,75000,abono,credito
PAY-0886-SALDO,BOOK-0886,2026-06-30,270000,saldo final,credito
PAY-0889,BOOK-0889,2026-06-09,40000,abono,efectivo
PAY-0889-SALDO,BOOK-0889,2026-06-12,90000,saldo final,efectivo
PAY-0891,BOOK-0891,2026-05-28,55000,abono,efectivo
PAY-0891-SALDO,BOOK-0891,2026-06-25,195000,saldo final,efectivo
PAY-0892,BOOK-0892,2026-06-08,20000,abono,debito
PAY-0892-SALDO,BOOK-0892,2026-06-12,40000,saldo final,debito
PAY-0895,BOOK-0895,2026-05-26,15000,abono,transferencia
PAY-0895-SALDO,BOOK-0895,2026-06-02,25000,saldo final,transferencia
PAY-0897,BOOK-0897,2026-06-12,15000,abono,debito
PAY-0897-SALDO,BOOK-0897,2026-06-19,30000,saldo final,debito
PAY-0901,BOOK-0901,2026-05-20,50000,abono,efectivo
PAY-0901-SALDO,BOOK-0901,2026-06-03,125000,saldo final,efectivo
PAY-0904,BOOK-0904,2026-06-13,30000,abono,transferencia
PAY-0904-SALDO,BOOK-0904,2026-06-19,55000,saldo final,transferencia
PAY-0906,BOOK-0906,2026-06-16,60000,abono,transferencia
PAY-0906-SALDO,BOOK-0906,2026-07-03,210000,saldo final,transferencia
PAY-0908,BOOK-0908,2026-06-11,80000,abono,debito
PAY-0908-SALDO,BOOK-0908,2026-06-26,310000,saldo final,debito
PAY-0910,BOOK-0910,2026-05-18,50000,abono,debito
PAY-0910-SALDO,BOOK-0910,2026-07-01,135000,saldo final,debito
PAY-0911,BOOK-0911,2026-06-05,55000,abono,efectivo
PAY-0911-SALDO,BOOK-0911,2026-06-27,230000,saldo final,efectivo
PAY-0912,BOOK-0912,2026-06-07,15000,abono,efectivo
PAY-0912-SALDO,BOOK-0912,2026-06-10,25000,saldo final,efectivo
PAY-0913,BOOK-0913,2026-05-22,55000,abono,debito
PAY-0913-SALDO,BOOK-0913,2026-05-30,205000,saldo final,debito
PAY-0914,BOOK-0914,2026-05-31,55000,abono,debito
PAY-0914-SALDO,BOOK-0914,2026-07-01,195000,saldo final,debito
PAY-0916,BOOK-0916,2026-05-18,25000,abono,efectivo
PAY-0916-SALDO,BOOK-0916,2026-05-21,70000,saldo final,efectivo
PAY-0918,BOOK-0918,2026-05-30,55000,abono,transferencia
PAY-0918-SALDO,BOOK-0918,2026-06-30,220000,saldo final,transferencia
PAY-0924,BOOK-0924,2026-05-15,30000,abono,efectivo
PAY-0924-SALDO,BOOK-0924,2026-05-19,80000,saldo final,efectivo
PAY-0926,BOOK-0926,2026-06-06,20000,abono,debito
PAY-0926-SALDO,BOOK-0926,2026-06-10,40000,saldo final,debito
PAY-0928,BOOK-0928,2026-05-24,30000,abono,debito
PAY-0928-SALDO,BOOK-0928,2026-06-02,50000,saldo final,debito
PAY-0937,BOOK-0937,2026-05-31,30000,abono,transferencia
PAY-0938,BOOK-0938,2026-05-19,55000,abono,efectivo
PAY-0938-SALDO,BOOK-0938,2026-07-02,140000,saldo final,efectivo
PAY-0941,BOOK-0941,2026-05-27,50000,abono,transferencia
PAY-0941-SALDO,BOOK-0941,2026-07-01,125000,saldo final,transferencia
PAY-0942,BOOK-0942,2026-05-31,25000,abono,efectivo
PAY-0942-SALDO,BOOK-0942,2026-06-04,45000,saldo final,efectivo
PAY-0943,BOOK-0943,2026-05-17,50000,abono,transferencia
PAY-0944,BOOK-0944,2026-05-19,25000,abono,debito
PAY-0944-SALDO,BOOK-0944,2026-05-27,40000,saldo final,debito
PAY-0947,BOOK-0947,2026-06-11,55000,abono,transferencia
PAY-0947-SALDO,BOOK-0947,2026-07-02,195000,saldo final,transferencia
PAY-0948,BOOK-0948,2026-05-18,60000,abono,credito
PAY-0948-SALDO,BOOK-0948,2026-05-21,220000,saldo final,credito
PAY-0949,BOOK-0949,2026-06-05,25000,abono,credito
PAY-0949-SALDO,BOOK-0949,2026-06-09,70000,saldo final,credito
PAY-0950,BOOK-0950,2026-05-15,50000,abono,credito
PAY-0950-SALDO,BOOK-0950,2026-07-02,135000,saldo final,credito
PAY-0951,BOOK-0951,2026-06-06,15000,abono,efectivo
PAY-0955,BOOK-0955,2026-05-14,40000,abono,transferencia
PAY-0955-SALDO,BOOK-0955,2026-05-19,95000,saldo final,transferencia
PAY-0957,BOOK-0957,2026-05-17,15000,abono,credito
PAY-0957-SALDO,BOOK-0957,2026-05-20,25000,saldo final,credito
PAY-0963,BOOK-0963,2026-06-11,25000,abono,credito
PAY-0963-SALDO,BOOK-0963,2026-06-16,65000,saldo final,credito
PAY-0968,BOOK-0968,2026-06-11,75000,abono,debito
PAY-0968-SALDO,BOOK-0968,2026-07-03,245000,saldo final,debito
PAY-0969,BOOK-0969,2026-05-18,30000,abono,efectivo
PAY-0969-SALDO,BOOK-0969,2026-05-28,50000,saldo final,efectivo
PAY-0970,BOOK-0970,2026-06-09,20000,abono,debito
PAY-0970-SALDO,BOOK-0970,2026-06-17,30000,saldo final,debito
PAY-0975,BOOK-0975,2026-06-07,50000,abono,efectivo
PAY-0975-SALDO,BOOK-0975,2026-07-03,115000,saldo final,efectivo
PAY-0976,BOOK-0976,2026-05-21,20000,abono,credito
PAY-0976-SALDO,BOOK-0976,2026-06-02,30000,saldo final,credito
PAY-0977,BOOK-0977,2026-06-18,30000,abono,transferencia
PAY-0977-SALDO,BOOK-0977,2026-06-24,80000,saldo final,transferencia
PAY-0978,BOOK-0978,2026-06-10,25000,abono,credito
PAY-0978-SALDO,BOOK-0978,2026-06-17,45000,saldo final,credito
PAY-0982,BOOK-0982,2026-05-22,15000,abono,efectivo
PAY-0982-SALDO,BOOK-0982,2026-05-30,25000,saldo final,efectivo
PAY-0984,BOOK-0984,2026-06-11,15000,abono,efectivo
PAY-0987,BOOK-0987,2026-05-26,50000,abono,debito
PAY-0987-SALDO,BOOK-0987,2026-07-03,120000,saldo final,debito
PAY-0990,BOOK-0990,2026-05-15,70000,abono,credito
PAY-0992,BOOK-0992,2026-06-07,30000,abono,debito
PAY-0992-SALDO,BOOK-0992,2026-06-26,80000,saldo final,debito
PAY-0993,BOOK-0993,2026-05-17,65000,abono,debito
PAY-0993-SALDO,BOOK-0993,2026-07-07,235000,saldo final,debito
PAY-0996,BOOK-0996,2026-06-10,50000,abono,efectivo
PAY-0996-SALDO,BOOK-0996,2026-07-01,125000,saldo final,efectivo
PAY-0999,BOOK-0999,2026-06-07,15000,abono,transferencia
